{"cameraMode":{"drawMode":0,"name":"Shaded","section":"Shading Mode"},"sceneLighting":true,"audioPlay":false,"sceneViewState":{"m_AlwaysRefresh":false,"showFog":true,"showSkybox":true,"showFlares":true,"showImageEffects":true,"showParticleSystems":true,"showVisualEffectGraphs":true,"m_FxEnabled":true},"in2DMode":false,"pivot":{"x":9.901172637939454,"y":1.6258479356765748,"z":-0.06951934844255448},"rotation":{"x":-0.0010444489307701588,"y":0.9683364629745483,"z":0.004058071877807379,"w":0.24963147938251496},"size":3.1645212173461916,"orthographic":false}